first_name,last_name,user_email,user_pass
John,Doe,johndoe@email.com,1ilovepasswords
Jane,Doe,janedoe@email.com,2ilovepasswordstoo
John,Doe,johndoe@email.com,3ilovepasswords
Jane,Doe,janedoe@email.com,4ilovepasswordstoo
John,Doe,johndoe@email.com,5ilovepasswords
Jane,Doe,janedoe@email.com,6ilovepasswordstoo
John,Doe,johndoe@email.com,7ilovepasswords
Jane,Doe,janedoe@email.com,8ilovepasswordstoo
John,Doe,johndoe@email.com,9ilovepasswords
Jane,Doe,janedoe@email.com,10ilovepasswordstoo
John,Doe,johndoe@email.com,11ilovepasswords
Jane,Doe,janedoe@email.com,12ilovepasswordstoo
John,Doe,johndoe@email.com,13ilovepasswords
Jane,Doe,janedoe@email.com,14ilovepasswordstoo
John,Doe,johndoe@email.com,15ilovepasswords
Jane,Doe,janedoe@email.com,16ilovepasswordstoo
John,Doe,johndoe@email.com,17ilovepasswords
Jane,Doe,janedoe@email.com,18ilovepasswordstoo
John,Doe,johndoe@email.com,19ilovepasswords
Jane,Doe,janedoe@email.com,20ilovepasswordstoo
John,Doe,johndoe@email.com,21ilovepasswords
Jane,Doe,janedoe@email.com,22ilovepasswordstoo
John,Doe,johndoe@email.com,23ilovepasswords
Jane,Doe,janedoe@email.com,24ilovepasswordstoo
John,Doe,johndoe@email.com,25ilovepasswords
Jane,Doe,janedoe@email.com,26ilovepasswordstoo
John,Doe,johndoe@email.com,27ilovepasswords
Jane,Doe,janedoe@email.com,28ilovepasswordstoo
John,Doe,johndoe@email.com,29ilovepasswords
Jane,Doe,janedoe@email.com,30ilovepasswordstoo
John,Doe,johndoe@email.com,31ilovepasswords
Jane,Doe,janedoe@email.com,32ilovepasswordstoo
John,Doe,johndoe@email.com,33ilovepasswords
